SNP,Chr,BP,EA,Non-EA,theta,gamma_hat,gamma_se,Gamma_hat,Gamma_se
rs17001654,4,77348592,G,C,0.154,0.03,0.005,-0.077,0.024
rs13107325,4,103407732,T,C,0.072,0.047,0.007,-0.109,0.032
rs4787491,16,29922838,G,A,0.509,0.015,0.003,-0.031,0.016
rs4740619,9,15624326,T,C,0.54,0.017,0.003,-0.029,0.017
rs2820292,1,200050910,C,A,0.547,0.018,0.003,-0.031,0.016
rs1808579,18,19358886,C,T,0.534,0.016,0.003,-0.027,0.016
rs3888190,16,28796987,A,C,0.397,0.031,0.003,-0.045,0.017
rs2033732,8,85242264,C,T,0.749,0.018,0.003,-0.023,0.019
rs6465468,7,95007450,T,G,0.3,0.016,0.003,-0.02,0.019
rs12401738,1,78219349,A,G,0.347,0.02,0.003,-0.023,0.017
rs1000940,17,5223976,G,A,0.32,0.018,0.003,-0.02,0.017
rs6091540,20,50521269,C,T,0.725,0.019,0.003,-0.02,0.018
rs11727676,4,145878514,T,C,0.911,0.037,0.006,-0.037,0.042
rs16851483,3,142758126,T,G,0.066,0.048,0.008,-0.046,0.033
rs10968576,9,28404339,G,A,0.315,0.025,0.003,-0.024,0.017
rs10132280,14,24998019,C,A,0.674,0.022,0.003,-0.021,0.018
rs492400,2,219057996,C,T,0.426,0.015,0.003,-0.014,0.017
rs7899106,10,87400884,G,A,0.057,0.038,0.007,-0.034,0.039
rs1441264,13,78478920,A,G,0.613,0.017,0.003,-0.015,0.016
rs3101336,1,72523773,C,T,0.611,0.032,0.003,-0.026,0.016
rs13078960,3,85890280,G,T,0.193,0.029,0.004,-0.022,0.02
rs17094222,10,102385430,C,T,0.209,0.025,0.004,-0.019,0.02
rs11165643,1,96696685,T,C,0.574,0.022,0.003,-0.016,0.016
rs12940622,17,76230166,G,A,0.572,0.018,0.003,-0.012,0.016
rs11030104,11,27641093,A,G,0.791,0.042,0.004,-0.027,0.02
rs7599312,2,213121476,G,A,0.721,0.021,0.003,-0.013,0.018
rs6567160,18,55980115,C,T,0.236,0.056,0.004,-0.03,0.019
rs2176040,2,226801046,A,G,0.362,0.015,0.003,-0.008,0.017
rs1516725,3,187306698,C,T,0.869,0.045,0.004,-0.022,0.024
rs17724992,19,18315825,A,G,0.743,0.02,0.003,-0.009,0.018
rs7715256,5,153518086,G,T,0.422,0.017,0.003,-0.008,0.016
rs12429545,13,53000207,A,G,0.135,0.032,0.004,-0.011,0.024
rs1558902,16,52361075,A,T,0.409,0.081,0.003,-0.022,0.017
rs17203016,2,207963763,G,A,0.195,0.021,0.004,-0.006,0.021
rs657452,1,49362434,A,G,0.397,0.023,0.003,-0.006,0.017
rs1460676,2,164275935,C,T,0.179,0.021,0.004,-0.005,0.022
rs6804842,3,25081441,G,A,0.569,0.018,0.003,-0.004,0.016
rs4256980,11,8630515,G,C,0.638,0.021,0.003,-0.005,0.017
rs1528435,15,65864222,T,C,0.631,0.018,0.003,-0.004,0.017
rs16951275,2,181259207,T,C,0.771,0.03,0.004,-0.006,0.019
rs10182181,2,25003800,G,A,0.468,0.031,0.003,-0.006,0.016
rs17024393,1,109956211,C,T,0.043,0.061,0.008,-0.01,0.049
rs3817334,11,47607569,T,C,0.401,0.026,0.003,-0.004,0.016
rs1928295,9,119418304,T,C,0.55,0.018,0.003,-0.003,0.016
rs2112347,5,75050998,T,G,0.621,0.025,0.003,-0.003,0.022
rs2365389,3,61211502,C,T,0.572,0.02,0.003,-0.001,0.017
rs758747,16,3567359,T,C,0.28,0.023,0.004,0,0.018
rs13201877,6,137717234,G,A,0.14,0.024,0.004,0.003,0.026
rs7138803,12,48533735,A,G,0.379,0.032,0.003,0.005,0.017
rs2287019,19,50894012,C,T,0.806,0.035,0.004,0.007,0.02
rs2207139,6,50953449,G,A,0.176,0.045,0.004,0.011,0.021
rs17405819,8,76969139,T,C,0.702,0.022,0.003,0.006,0.017
rs10938397,4,44877284,G,A,0.428,0.04,0.003,0.014,0.016
rs29941,14,78969207,G,A,0.67,0.018,0.003,0.006,0.017
rs7141420,19,39001372,T,C,0.529,0.023,0.003,0.008,0.017
rs2033529,6,40456631,G,A,0.289,0.018,0.003,0.006,0.018
rs6477694,9,110972163,C,T,0.371,0.017,0.003,0.006,0.017
rs13021737,2,622348,G,A,0.83,0.06,0.004,0.023,0.021
rs1167827,7,75001105,G,A,0.557,0.02,0.003,0.009,0.016
rs7903146,10,114748339,C,T,0.713,0.024,0.003,0.011,0.018
rs543874,1,176156103,G,A,0.195,0.05,0.004,0.025,0.02
rs205262,6,34671142,G,A,0.285,0.021,0.003,0.011,0.018
rs11057405,12,121347850,G,A,0.902,0.03,0.005,0.018,0.03
rs7239883,18,38401669,G,A,0.394,0.015,0.003,0.01,0.016
rs2836754,21,39213610,C,T,0.599,0.017,0.003,0.011,0.017
rs12286929,11,114527614,G,A,0.523,0.021,0.003,0.014,0.016
rs2176598,11,43820854,T,C,0.256,0.019,0.003,0.013,0.018
rs3736485,15,49535902,A,G,0.461,0.016,0.003,0.013,0.016
rs10733682,9,128500735,A,G,0.475,0.019,0.003,0.017,0.016
rs13191362,6,162953340,A,G,0.88,0.029,0.005,0.035,0.025
rs9374842,6,120227364,T,C,0.748,0.02,0.003,0.026,0.019
rs887912,2,59075742,T,C,0.317,0.023,0.003,0.031,0.018
rs9540493,13,65103705,A,G,0.464,0.018,0.003,0.025,0.017
rs977747,1,47457264,C,G,0.403,0.017,0.003,0.024,0.016
rs2121279,2,142759755,T,C,0.15,0.024,0.004,0.037,0.024
rs9400239,6,109084356,C,T,0.673,0.017,0.003,0.028,0.018
rs3849570,3,81874802,A,C,0.362,0.018,0.003,0.03,0.017
